Pollster,Start Date,End Date,Entry Date/Time (ET),Number of Observations,Population,Mode,Trump,Cruz,Rubio,Carson,Bush,Christie,Rand Paul,Fiorina,Huckabee,Kasich,Santorum,Gilmore,Graham,Jindal,Pataki,Perry,Walker,Undecided,Pollster URL,Source URL,Partisan,Affiliation
Ipsos/Reuters,2015-12-26,2015-12-30,2015-12-31 18:03:07 UTC 2015-12-31 18:03:07 UTC,722,Adults - Republican,Internet,39,14,12,12,6,2,3,1,2,1,1,0,,,0,,,6,http://elections.huffingtonpost.com/pollster/polls/ipsos-reuters-23429,,Nonpartisan,None
Ipsos/Reuters,2015-12-19,2015-12-23,2015-12-24 02:46:55 UTC 2015-12-24 02:46:55 UTC,626,Adults - Republican,Internet,39,13,9,10,7,3,2,2,3,2,3,0,,,0,,,6,http://elections.huffingtonpost.com/pollster/polls/ipsos-reuters-23413,,Nonpartisan,None
YouGov/Economist,2015-12-18,2015-12-21,2015-12-28 15:19:13 UTC 2015-12-28 15:19:13 UTC,473,Likely Voters - Republican,Internet,35,19,14,7,5,3,6,3,1,3,1,0,,,0,,,2,http://elections.huffingtonpost.com/pollster/polls/yougov-economist-23414,,Nonpartisan,None
CNN,2015-12-17,2015-12-21,2015-12-23 12:12:21 UTC 2015-12-23 12:12:21 UTC,438,Registered Voters - Republican,Live Phone,39,18,10,10,3,5,4,1,2,2,0,0,1,,0,,,2,http://elections.huffingtonpost.com/pollster/polls/cnn-23404,,Nonpartisan,None
Emerson College Polling Society,2015-12-17,2015-12-20,2015-12-21 16:37:14 UTC 2015-12-21 16:37:14 UTC,415,Likely Voters - Republican,Automated Phone,36,21,13,7,6,6,1,5,1,3,,,0,,,,,1,http://elections.huffingtonpost.com/pollster/polls/emerson-college-polling-society-23395,,Nonpartisan,None
Quinnipiac,2015-12-16,2015-12-20,2015-12-22 14:45:28 UTC 2015-12-22 14:45:28 UTC,508,Registered Voters - Republican,Live Phone,28,24,12,10,4,6,2,2,1,1,1,0,0,,0,,,8,http://elections.huffingtonpost.com/pollster/polls/quinnipiac-23400,,Nonpartisan,None
FOX,2015-12-16,2015-12-17,2015-12-18 23:04:23 UTC 2015-12-18 23:04:23 UTC,402,Likely Voters - Republican,Live Phone,39,18,11,9,3,3,3,3,1,2,1,0,0,,0,,,6,http://elections.huffingtonpost.com/pollster/polls/fox-23385,,Nonpartisan,None
Morning Consult,2015-12-16,2015-12-17,2015-12-18 12:23:04 UTC 2015-12-18 12:23:04 UTC,861,Registered Voters - Republican,Mixed,36,11,9,12,7,2,3,2,,,,,,,,,,11,http://elections.huffingtonpost.com/pollster/polls/morning-consult-23379,,Nonpartisan,None
PPP (D),2015-12-16,2015-12-17,2015-12-18 19:45:56 UTC 2015-12-18 19:45:56 UTC,532,Likely Voters - Republican,IVR/Online,34,18,13,6,7,5,2,4,4,2,1,0,1,,0,,,2,http://elections.huffingtonpost.com/pollster/polls/ppp-d-23380,,Pollster,Dem
Ipsos/Reuters,2015-12-12,2015-12-16,2015-12-17 18:34:40 UTC 2015-12-17 18:34:40 UTC,730,Adults - Republican,Internet,36,14,10,11,7,3,3,3,5,2,0,0,1,,0,,,6,http://elections.huffingtonpost.com/pollster/polls/ipsos-reuters-23361,,Nonpartisan,None
Morning Consult,2015-12-11,2015-12-15,2015-12-15 20:45:27 UTC 2015-12-15 20:45:27 UTC,1530,Registered Voters - Republican,Internet,40,9,7,10,7,3,3,3,3,2,1,,1,,1,,,11,http://elections.huffingtonpost.com/pollster/polls/morning-consult-23333,,Nonpartisan,None
ABC/Post,2015-12-10,2015-12-13,2015-12-15 05:24:40 UTC 2015-12-15 05:24:40 UTC,362,Registered Voters - Republican,Live Phone,38,15,12,12,5,4,2,1,1,2,0,,1,,0,,,6,http://elections.huffingtonpost.com/pollster/polls/abc-post-23326,,Nonpartisan,None
Monmouth University,2015-12-10,2015-12-13,2015-12-14 17:20:35 UTC 2015-12-14 17:20:35 UTC,385,Registered Voters - Republican,Live Phone,41,14,10,9,3,2,2,2,2,3,0,0,1,,1,,,8,http://elections.huffingtonpost.com/pollster/polls/monmouth-university-23317,,Nonpartisan,None
NBC/WSJ,2015-12-06,2015-12-09,2015-12-13 16:36:01 UTC 2015-12-13 16:36:01 UTC,400,Likely Voters - Republican,Live Phone,27,22,15,11,7,3,2,5,3,2,,,,,,,,3,http://elections.huffingtonpost.com/pollster/polls/nbc-wsj-23313,,Nonpartisan,None
Ipsos/Reuters,2015-12-05,2015-12-09,2015-12-10 16:16:52 UTC 2015-12-10 16:16:52 UTC,494,Adults - Republican,Internet,37,11,12,13,5,4,1,2,2,2,1,0,2,,1,,,6,http://elections.huffingtonpost.com/pollster/polls/ipsos-reuters-23297,,Nonpartisan,None
YouGov/Economist,2015-12-04,2015-12-09,2015-12-10 20:02:45 UTC 2015-12-10 20:02:45 UTC,455,Likely Voters - Republican,Internet,34,15,17,9,4,3,6,4,3,3,0,0,0,,0,,,1,http://elections.huffingtonpost.com/pollster/polls/yougov-economist-23301,,Nonpartisan,None
Gravis Marketing/One America News,2015-12-07,2015-12-08,2015-12-10 19:44:46 UTC 2015-12-10 19:44:46 UTC,691,Likely Voters - Republican,Automated Phone,42,16,11,9,6,4,2,3,2,3,1,,1,,,,,,http://elections.huffingtonpost.com/pollster/polls/gravis-marketing-one-america-news-23300,,Sponsor,Rep
CBS/Times,2015-12-04,2015-12-08,2015-12-10 13:12:56 UTC 2015-12-10 13:12:56 UTC,431,Likely Voters - Republican,Live Phone,35,16,9,13,3,3,4,1,3,3,0,0,0,,0,,,7,http://elections.huffingtonpost.com/pollster/polls/cbs-times-23293,,Nonpartisan,None
Zogby (Internet),2015-12-07,2015-12-07,2015-12-10 01:29:33 UTC 2015-12-10 01:29:33 UTC,271,Likely Voters - Republican,Internet,38,8,12,13,7,4,1,3,1,1,0,0,0,,1,,,10,http://elections.huffingtonpost.com/pollster/polls/zogby-internet-23291,,Nonpartisan,None
Morning Consult,2015-12-03,2015-12-07,2015-12-08 22:24:57 UTC 2015-12-08 22:24:57 UTC,865,Registered Voters - Republican,Internet,41,7,10,12,5,3,2,2,3,2,0,,1,,1,,,9,http://elections.huffingtonpost.com/pollster/polls/morning-consult-23281,,Nonpartisan,None
Public Religion Research Institute,2015-12-02,2015-12-06,2015-12-10 16:08:19 UTC 2015-12-10 16:08:19 UTC,376,Registered Voters - Republican,Live Phone,24,10,12,16,10,3,4,2,1,2,,,,,,,,14,http://elections.huffingtonpost.com/pollster/polls/public-religion-research-institute-23296,,Nonpartisan,None
Suffolk/USA Today,2015-12-02,2015-12-06,2015-12-08 20:23:37 UTC 2015-12-08 20:23:37 UTC,357,Likely Voters - Republican,Live Phone,27,17,16,10,4,2,2,1,1,2,1,0,0,,0,,,17,http://elections.huffingtonpost.com/pollster/polls/suffolk-usa-today-23278,,Nonpartisan,None
IBD/TIPP,2015-11-30,2015-12-04,2015-12-07 14:56:48 UTC 2015-12-07 14:56:48 UTC,354,Registered Voters - Republican,Live Phone,27,13,14,15,3,2,2,3,2,2,0,,0,,0,,,14,http://elections.huffingtonpost.com/pollster/polls/ibd-tipp-23266,,Nonpartisan,None
Ipsos/Reuters,2015-11-28,2015-12-02,2015-12-03 17:32:37 UTC 2015-12-03 17:32:37 UTC,385,Adults - Republican,Internet,36,10,7,17,11,2,4,2,2,2,1,0,0,,0,,,5,http://elections.huffingtonpost.com/pollster/polls/ipsos-reuters-23252,,Nonpartisan,None
CNN,2015-11-27,2015-12-01,2015-12-04 12:16:32 UTC 2015-12-04 12:16:32 UTC,445,Registered Voters - Republican,Live Phone,36,16,12,14,3,4,1,3,2,2,0,0,0,0,0,,,6,http://elections.huffingtonpost.com/pollster/polls/cnn-23258,,Nonpartisan,None
Quinnipiac,2015-11-23,2015-11-30,2015-12-02 12:04:16 UTC 2015-12-02 12:04:16 UTC,672,Registered Voters - Republican,Live Phone,27,16,17,16,5,2,2,3,1,2,0,0,0,,0,,,9,http://elections.huffingtonpost.com/pollster/polls/quinnipiac-23247,,Nonpartisan,None
Ipsos/Reuters,2015-11-21,2015-11-25,2015-11-25 20:56:33 UTC 2015-11-25 20:56:33 UTC,352,Adults - Republican,Internet,37,11,10,9,6,4,2,3,3,3,0,3,0,,2,,,6,http://elections.huffingtonpost.com/pollster/polls/ipsos-reuters-23238,,Nonpartisan,None
Gravis Marketing/One America News,2015-11-23,2015-11-23,2015-11-25 15:31:26 UTC 2015-11-25 15:31:26 UTC,523,Likely Voters - Republican,Automated Phone,37,12,14,15,8,2,3,2,2,4,1,,2,,,,,,http://elections.huffingtonpost.com/pollster/polls/gravis-marketing-one-america-news-23235,,Sponsor,Rep
YouGov/Economist,2015-11-19,2015-11-23,2015-11-25 14:14:12 UTC 2015-11-25 14:14:12 UTC,600,Likely Voters - Republican,Internet,36,12,14,10,6,3,4,4,2,4,0,0,1,,0,,,3,http://elections.huffingtonpost.com/pollster/polls/yougov-economist-23233,,Nonpartisan,None
ABC/Post,2015-11-16,2015-11-19,2015-11-22 15:00:37 UTC 2015-11-22 15:00:37 UTC,373,Registered Voters - Republican,Live Phone,32,8,11,22,6,2,3,4,3,3,1,,1,,,,,5,http://elections.huffingtonpost.com/pollster/polls/abc-post-23205,,Nonpartisan,None
FOX,2015-11-16,2015-11-19,2015-11-22 15:14:04 UTC 2015-11-22 15:14:04 UTC,434,Likely Voters - Republican,Live Phone,28,14,14,18,5,3,2,3,3,2,,,,,1,,,5,http://elections.huffingtonpost.com/pollster/polls/fox-23207,,Nonpartisan,None
Ipsos/Reuters,2015-11-14,2015-11-18,2015-11-19 18:29:31 UTC 2015-11-19 18:29:31 UTC,1299,Adults - Republican,Internet,37,8,11,14,6,3,5,3,3,2,1,0,0,1,0,,,6,http://elections.huffingtonpost.com/pollster/polls/ipsos-reuters-23182,,Nonpartisan,None
PPP (D),2015-11-16,2015-11-17,2015-11-19 15:02:32 UTC 2015-11-19 15:02:32 UTC,607,Likely Voters - Republican,IVR/Online,26,14,13,19,5,3,2,4,4,3,0,0,1,0,1,,,2,http://elections.huffingtonpost.com/pollster/polls/ppp-d-23174,,Pollster,Dem
Bloomberg/Selzer,2015-11-15,2015-11-17,2015-11-19 17:27:19 UTC 2015-11-19 17:27:19 UTC,379,Registered Voters - Republican,Live Phone,24,9,12,20,6,4,3,3,3,3,1,,1,,1,,,12,http://elections.huffingtonpost.com/pollster/polls/bloomberg-selzer-23179,,Nonpartisan,None
NBC/SurveyMonkey,2015-11-15,2015-11-17,2015-11-20 14:12:40 UTC 2015-11-20 14:12:40 UTC,2440,Registered Voters - Republican,Internet,28,18,11,18,4,3,2,3,2,2,1,0,0,1,0,,,6,http://elections.huffingtonpost.com/pollster/polls/nbc-surveymonkey-23195,,Nonpartisan,None
Morning Consult,2015-11-13,2015-11-16,2015-11-17 15:45:58 UTC 2015-11-17 15:45:58 UTC,774,Registered Voters - Republican,Internet,38,7,7,19,6,2,2,3,3,1,0,,1,0,0,,,9,http://elections.huffingtonpost.com/pollster/polls/morning-consult-23158,,Nonpartisan,None
Rasmussen,2015-11-11,2015-11-12,2015-11-13 17:55:34 UTC 2015-11-13 17:55:34 UTC,572,Likely Voters - Republican,Automated Phone,27,13,16,20,8,,,4,,,,,,,,,,5,http://elections.huffingtonpost.com/pollster/polls/rasmussen-23134,,Nonpartisan,None
Ipsos/Reuters,2015-11-07,2015-11-11,2015-11-17 21:36:06 UTC 2015-11-17 21:36:06 UTC,555,Adults - Republican,Internet,33,10,10,17,6,1,3,5,4,1,2,0,1,1,0,,,5,http://elections.huffingtonpost.com/pollster/polls/ipsos-reuters-23166,,Nonpartisan,None
Public Religion Research Institute,2015-11-06,2015-11-10,2015-11-23 16:21:55 UTC 2015-11-23 16:21:55 UTC,147,Likely Voters - Republican,Live Phone,20,10,9,27,8,3,0,2,6,3,,,,,,,,12,http://elections.huffingtonpost.com/pollster/polls/public-religion-research-institute-23214,,Nonpartisan,None
YouGov/Economist,2015-11-05,2015-11-09,2015-11-10 19:09:31 UTC 2015-11-10 19:09:31 UTC,446,Registered Voters - Republican,Internet,32,10,13,18,3,3,4,3,4,4,1,1,1,2,0,,,,http://elections.huffingtonpost.com/pollster/polls/yougov-economist-23108,,Nonpartisan,None
Morning Consult,2015-11-05,2015-11-08,2015-11-10 17:55:28 UTC 2015-11-10 17:55:28 UTC,1567,Registered Voters - Republican,Internet,34,7,7,19,8,2,2,2,3,1,1,,0,1,0,,,11,http://elections.huffingtonpost.com/pollster/polls/morning-consult-23107,,Nonpartisan,None
Ipsos/Reuters,2015-10-31,2015-11-04,2015-11-05 18:36:49 UTC 2015-11-05 18:36:49 UTC,618,Adults - Republican,Internet,29,8,10,19,10,3,2,5,3,2,0,0,1,1,1,,,5,http://elections.huffingtonpost.com/pollster/polls/ipsos-reuters-23076,,Nonpartisan,None
McClatchy/Marist,2015-10-29,2015-11-04,2015-11-09 19:15:11 UTC 2015-11-09 19:15:11 UTC,431,Registered Voters - Republican,Live Phone,23,8,12,24,8,2,5,3,3,4,1,0,0,1,1,,,4,http://elections.huffingtonpost.com/pollster/polls/mcclatchy-marist-23088,,Nonpartisan,None
FOX,2015-11-01,2015-11-03,2015-11-04 23:23:33 UTC 2015-11-04 23:23:33 UTC,476,Likely Voters - Republican,Live Phone,26,11,11,23,4,2,4,3,4,4,0,0,0,0,0,,,5,http://elections.huffingtonpost.com/pollster/polls/fox-23061,,Nonpartisan,None
USC/LA Times/SurveyMonkey,2015-10-29,2015-11-03,2015-11-09 16:34:14 UTC 2015-11-09 16:34:14 UTC,1292,Registered Voters - Republican,Internet,25,10,12,21,4,1,2,4,2,2,1,0,0,1,0,,,13,http://elections.huffingtonpost.com/pollster/polls/usc-la-times-surveymonkey-23085,,Nonpartisan,None
Quinnipiac,2015-10-29,2015-11-02,2015-11-04 16:23:42 UTC 2015-11-04 16:23:42 UTC,502,Registered Voters - Republican,Live Phone,24,13,14,23,4,3,2,3,1,3,1,0,0,0,0,,,9,http://elections.huffingtonpost.com/pollster/polls/quinnipiac-23059,,Nonpartisan,None
Ipsos/Reuters,2015-10-28,2015-11-02,2015-11-04 23:38:47 UTC 2015-11-04 23:38:47 UTC,635,Adults - Republican,Internet,31,6,10,18,10,3,3,5,3,3,1,0,0,1,0,,,6,http://elections.huffingtonpost.com/pollster/polls/ipsos-reuters-23062,,Nonpartisan,None
Morning Consult,2015-10-29,2015-11-01,2015-11-03 20:26:04 UTC 2015-11-03 20:26:04 UTC,937,Registered Voters - Republican,Internet,31,9,7,21,7,4,3,2,3,1,0,,0,1,1,,,10,http://elections.huffingtonpost.com/pollster/polls/morning-consult-23056,,Nonpartisan,None
Zogby (Internet),2015-10-30,2015-10-31,2015-11-09 20:46:00 UTC 2015-11-09 20:46:00 UTC,344,Likely Voters - Republican,Internet,30,8,10,17,7,2,4,2,2,2,1,0,1,1,0,,,11,http://elections.huffingtonpost.com/pollster/polls/zogby-internet-23090,,Nonpartisan,None
NBC/SurveyMonkey,2015-10-27,2015-10-29,2015-11-03 21:53:33 UTC 2015-11-03 21:53:33 UTC,3387,Registered Voters - Republican,Internet,26,10,9,26,5,2,2,4,2,2,0,0,0,0,0,,,8,http://elections.huffingtonpost.com/pollster/polls/nbc-surveymonkey-23057,,Nonpartisan,None
NBC/WSJ,2015-10-25,2015-10-29,2015-11-02 23:33:31 UTC 2015-11-02 23:33:31 UTC,400,Likely Voters - Republican,Live Phone,23,10,11,29,8,3,2,3,3,3,0,0,0,0,0,,,4,http://elections.huffingtonpost.com/pollster/polls/nbc-wsj-23050,,Nonpartisan,None
IBD/TIPP,2015-10-24,2015-10-29,2015-10-31 22:19:16 UTC 2015-10-31 22:19:16 UTC,402,Registered Voters - Republican,Live Phone,28,6,11,23,6,1,2,3,1,1,1,,0,2,0,,,,http://elections.huffingtonpost.com/pollster/polls/ibd-tipp-23038,,Nonpartisan,None
Ipsos/Reuters,2015-10-24,2015-10-28,2015-10-29 16:44:01 UTC 2015-10-29 16:44:01 UTC,584,Adults - Republican,Internet,29,5,6,27,9,3,3,4,2,4,0,0,1,1,1,,,6,http://elections.huffingtonpost.com/pollster/polls/ipsos-reuters-23026,,Nonpartisan,None
YouGov/Economist,2015-10-23,2015-10-27,2015-10-28 18:21:17 UTC 2015-10-28 18:21:17 UTC,447,Registered Voters - Republican,Internet,32,8,11,18,8,2,4,3,2,4,1,0,1,1,0,,,3,http://elections.huffingtonpost.com/pollster/polls/yougov-economist-23013,,Nonpartisan,None
Gravis Marketing/One America News,2015-10-26,2015-10-26,2015-10-27 21:27:20 UTC 2015-10-27 21:27:20 UTC,906,Registered Voters - Republican,Automated Phone,36,6,11,22,8,2,2,6,3,3,1,,2,0,0,,,,http://elections.huffingtonpost.com/pollster/polls/gravis-marketing-one-america-news-23004,,Sponsor,Rep
Morning Consult,2015-10-22,2015-10-25,2015-10-26 21:12:38 UTC 2015-10-26 21:12:38 UTC,714,Registered Voters - Republican,Internet,35,3,6,20,8,3,3,3,4,2,1,,0,2,1,,,10,http://elections.huffingtonpost.com/pollster/polls/morning-consult-22994,,Nonpartisan,None
CBS/Times,2015-10-21,2015-10-25,2015-10-27 12:12:22 UTC 2015-10-27 12:12:22 UTC,575,Likely Voters - Republican,Live Phone,22,4,8,26,7,1,4,7,4,4,1,0,2,0,0,,,6,http://elections.huffingtonpost.com/pollster/polls/cbs-times-22995,,Nonpartisan,None
Ipsos/Reuters,2015-10-17,2015-10-21,2015-10-23 17:26:32 UTC 2015-10-23 17:26:32 UTC,806,Adults - Republican,Internet,31,5,6,18,9,3,3,6,4,4,1,0,1,2,1,,,8,http://elections.huffingtonpost.com/pollster/polls/ipsos-reuters-22974,,Nonpartisan,None
Morning Consult,2015-10-15,2015-10-19,2015-10-20 17:31:31 UTC 2015-10-20 17:31:31 UTC,770,Registered Voters - Republican,Internet,40,5,5,14,6,4,2,3,3,2,1,,1,1,1,,,12,http://elections.huffingtonpost.com/pollster/polls/morning-consult-22950,,Nonpartisan,None
ABC/Post,2015-10-15,2015-10-18,2015-10-21 12:14:45 UTC 2015-10-21 12:14:45 UTC,364,Registered Voters - Republican,Live Phone,32,6,10,22,7,3,2,5,3,2,0,,1,0,1,,,3,http://elections.huffingtonpost.com/pollster/polls/abc-post-22956,,Nonpartisan,None
Monmouth University,2015-10-15,2015-10-18,2015-10-20 16:24:29 UTC 2015-10-20 16:24:29 UTC,348,Registered Voters - Republican,Live Phone,28,10,6,18,5,3,4,6,4,1,0,0,1,1,0,,,12,http://elections.huffingtonpost.com/pollster/polls/monmouth-university-22949,,Nonpartisan,None
NBC/WSJ,2015-10-15,2015-10-18,2015-10-19 21:14:25 UTC 2015-10-19 21:14:25 UTC,400,Likely Voters - Republican,Live Phone,25,9,13,22,8,1,2,7,3,3,0,0,0,0,0,,,6,http://elections.huffingtonpost.com/pollster/polls/nbc-wsj-22940,,Nonpartisan,None
Emerson College Polling Society,2015-10-16,2015-10-17,2015-10-20 18:55:01 UTC 2015-10-20 18:55:01 UTC,403,Likely Voters - Republican,Automated Phone,32,6,14,23,8,2,0,6,4,3,0,,,,,,,2,http://elections.huffingtonpost.com/pollster/polls/emerson-college-polling-society-22951,,Nonpartisan,None
CNN,2015-10-14,2015-10-17,2015-10-20 14:11:20 UTC 2015-10-20 14:11:20 UTC,298,Registered Voters - Republican,Live Phone,27,4,8,22,8,4,5,4,5,3,2,0,1,0,0,,,6,http://elections.huffingtonpost.com/pollster/polls/cnn-22943,,Nonpartisan,None
NBC/SurveyMonkey,2015-10-13,2015-10-15,2015-10-16 20:53:14 UTC 2015-10-16 20:53:14 UTC,1881,Registered Voters - Republican,Internet,28,6,9,23,5,2,2,6,3,3,0,0,0,1,0,,,7,http://elections.huffingtonpost.com/pollster/polls/nbc-surveymonkey-22931,,Nonpartisan,None
Ipsos/Reuters,2015-10-10,2015-10-14,2015-10-16 21:05:43 UTC 2015-10-16 21:05:43 UTC,492,Adults - Republican,Internet,33,4,8,19,11,3,4,3,3,2,1,1,0,1,0,,,7,http://elections.huffingtonpost.com/pollster/polls/ipsos-reuters-22933,,Nonpartisan,None
Morning Consult,2015-10-08,2015-10-12,2015-10-13 15:48:47 UTC 2015-10-13 15:48:47 UTC,749,Registered Voters - Republican,Internet,34,5,5,20,9,2,3,5,4,3,1,,1,0,1,,,7,http://elections.huffingtonpost.com/pollster/polls/morning-consult-22902,,Nonpartisan,None
YouGov/Economist,2015-10-08,2015-10-12,2015-10-14 21:28:25 UTC 2015-10-14 21:28:25 UTC,434,Registered Voters - Republican,Internet,28,8,11,18,7,3,3,9,3,3,0,0,1,1,0,,,3,http://elections.huffingtonpost.com/pollster/polls/yougov-economist-22919,,Nonpartisan,None
CBS,2015-10-04,2015-10-08,2015-10-12 15:48:21 UTC 2015-10-12 15:48:21 UTC,339,Registered Voters - Republican,Live Phone,27,9,8,21,6,3,4,6,2,2,1,,,0,0,,,11,http://elections.huffingtonpost.com/pollster/polls/cbs-22888,,Nonpartisan,None
Ipsos/Reuters,2015-10-03,2015-10-07,2015-10-08 14:41:05 UTC 2015-10-08 14:41:05 UTC,602,Adults - Republican,Internet,31,4,7,17,14,3,4,7,4,1,0,0,0,0,0,,,7,http://elections.huffingtonpost.com/pollster/polls/ipsos-reuters-22871,,Nonpartisan,None
Morning Consult,2015-10-02,2015-10-05,2015-10-06 21:34:11 UTC 2015-10-06 21:34:11 UTC,807,Registered Voters - Republican,Internet,31,5,10,13,7,4,3,6,2,4,1,,1,0,1,,,10,http://elections.huffingtonpost.com/pollster/polls/morning-consult-22858,,Nonpartisan,None
Fairleigh Dickinson,2015-10-01,2015-10-05,2015-10-08 22:22:35 UTC 2015-10-08 22:22:35 UTC,305,Registered Voters - Republican,Live Phone,26,5,8,22,7,3,4,7,6,1,0,0,0,1,0,,,9,http://elections.huffingtonpost.com/pollster/polls/fairleigh-dickinson-22878,,Nonpartisan,None
PPP (D),2015-10-01,2015-10-04,2015-10-06 18:56:54 UTC 2015-10-06 18:56:54 UTC,627,Likely Voters - Republican,IVR/Online,27,7,13,17,10,2,2,6,4,4,2,0,1,1,1,,,3,http://elections.huffingtonpost.com/pollster/polls/ppp-d-22856,,Pollster,Dem
Public Religion Research Institute,2015-09-11,2015-10-04,2015-11-23 17:38:53 UTC 2015-11-23 17:38:53 UTC,308,Likely Voters - Republican,Live Phone,25,5,9,16,11,3,2,13,5,4,1,,,0,,,3,1,http://elections.huffingtonpost.com/pollster/polls/public-religion-research-institute-23215,,Nonpartisan,None
Gravis Marketing/One America News,2015-09-30,2015-10-01,2015-10-07 17:07:13 UTC 2015-10-07 17:07:13 UTC,898,Likely Voters - Republican,Automated Phone,35,7,11,17,7,2,3,9,5,3,1,,0,0,0,,,,http://elections.huffingtonpost.com/pollster/polls/gravis-marketing-one-america-news-22863,,Sponsor,Rep
IBD/TIPP,2015-09-26,2015-10-01,2015-10-05 15:55:07 UTC 2015-10-05 15:55:07 UTC,377,Registered Voters - Republican,Live Phone,17,6,11,24,8,2,3,9,2,4,,,,,,,,9,http://elections.huffingtonpost.com/pollster/polls/ibd-tipp-22844,,Nonpartisan,None
Ipsos/Reuters,2015-09-26,2015-09-30,2015-10-02 16:48:00 UTC 2015-10-02 16:48:00 UTC,481,Adults - Republican,Internet,32,5,7,12,10,5,7,8,3,1,2,1,0,1,0,,,6,http://elections.huffingtonpost.com/pollster/polls/ipsos-reuters-22834,,Nonpartisan,None
YouGov/Economist,2015-09-25,2015-09-29,2015-10-01 18:09:28 UTC 2015-10-01 18:09:28 UTC,450,Registered Voters - Republican,Internet,25,9,16,15,7,3,4,8,2,4,1,1,0,2,0,,,2,http://elections.huffingtonpost.com/pollster/polls/yougov-economist-22830,,Nonpartisan,None
Suffolk/USA Today,2015-09-24,2015-09-28,2015-09-30 16:27:03 UTC 2015-09-30 16:27:03 UTC,380,Likely Voters - Republican,Live Phone,23,6,9,13,8,1,2,13,2,2,0,,1,1,0,,,18,http://elections.huffingtonpost.com/pollster/polls/suffolk-usa-today-22822,,Nonpartisan,None
Morning Consult,2015-09-24,2015-09-27,2015-09-29 19:40:45 UTC 2015-09-29 19:40:45 UTC,637,Registered Voters - Republican,Internet,30,5,9,15,10,4,3,9,3,1,1,,0,0,1,,,9,http://elections.huffingtonpost.com/pollster/polls/morning-consult-22813,,Nonpartisan,None
NBC/WSJ,2015-09-20,2015-09-24,2015-09-28 15:55:22 UTC 2015-09-28 15:55:22 UTC,230,Likely Voters - Republican,Live Phone,21,5,11,20,7,3,3,11,2,6,1,0,0,1,0,,,8,http://elections.huffingtonpost.com/pollster/polls/nbc-wsj-22803,,Nonpartisan,None
Ipsos/Reuters,2015-09-19,2015-09-23,2015-09-25 21:18:59 UTC 2015-09-25 21:18:59 UTC,572,Adults - Republican,Internet,30,5,6,18,10,3,2,8,3,3,1,2,1,1,0,,2,5,http://elections.huffingtonpost.com/pollster/polls/ipsos-reuters-22797,,Nonpartisan,None
FOX,2015-09-20,2015-09-22,2015-09-24 22:22:11 UTC 2015-09-24 22:22:11 UTC,398,Likely Voters - Republican,Live Phone,26,8,9,18,7,5,2,9,3,4,0,0,0,0,1,,,4,http://elections.huffingtonpost.com/pollster/polls/fox-22789,,Nonpartisan,None
Bloomberg/Selzer,2015-09-18,2015-09-21,2015-09-24 22:08:04 UTC 2015-09-24 22:08:04 UTC,391,Registered Voters - Republican,Live Phone,21,5,8,16,13,4,2,11,3,4,1,0,0,1,0,,1,10,http://elections.huffingtonpost.com/pollster/polls/bloomberg-selzer-22787,,Nonpartisan,None
Quinnipiac,2015-09-17,2015-09-21,2015-09-24 22:15:01 UTC 2015-09-24 22:15:01 UTC,737,Registered Voters - Republican,Live Phone,25,7,9,17,10,2,1,12,2,2,0,0,0,0,1,,,9,http://elections.huffingtonpost.com/pollster/polls/quinnipiac-22788,,Nonpartisan,None
Morning Consult,2015-09-18,2015-09-20,2015-09-22 17:53:47 UTC 2015-09-22 17:53:47 UTC,1551,Registered Voters - Republican,Internet,32,5,5,12,11,4,3,6,4,2,1,,0,1,1,,3,9,http://elections.huffingtonpost.com/pollster/polls/morning-consult-22771,,Nonpartisan,None
Zogby (Internet),2015-09-18,2015-09-19,2015-09-22 18:52:41 UTC 2015-09-22 18:52:41 UTC,405,Likely Voters - Republican,Internet,33,5,4,13,9,3,4,7,2,4,1,0,1,0,0,,2,12,http://elections.huffingtonpost.com/pollster/polls/zogby-internet-22775,,Nonpartisan,None
CNN,2015-09-17,2015-09-19,2015-09-21 19:19:45 UTC 2015-09-21 19:19:45 UTC,924,Registered Voters - Republican,Live Phone,24,6,11,14,9,3,4,15,6,2,1,0,0,0,0,,0,4,http://elections.huffingtonpost.com/pollster/polls/cnn-22761,,Nonpartisan,None
NBC/SurveyMonkey,2015-09-16,2015-09-18,2015-09-22 05:58:26 UTC 2015-09-22 05:58:26 UTC,2070,Registered Voters - Democrat,Internet,29,7,7,14,8,3,3,11,2,2,0,0,0,0,1,,3,6,http://elections.huffingtonpost.com/pollster/polls/nbc-surveymonkey-22768,,Nonpartisan,None
Gravis Marketing/One America News,2015-09-16,2015-09-16,2015-09-18 22:31:36 UTC 2015-09-18 22:31:36 UTC,1337,Likely Voters - Republican,Automated Phone,22,6,15,12,6,4,2,22,2,4,1,1,0,1,0,,3,,http://elections.huffingtonpost.com/pollster/polls/gravis-marketing-one-america-news-22755,,Sponsor,Rep
Ipsos/Reuters,2015-09-12,2015-09-16,2015-09-18 19:33:27 UTC 2015-09-18 19:33:27 UTC,532,Adults - Republican,Internet,35,5,3,14,8,6,2,2,7,2,1,0,0,1,0,,4,8,http://elections.huffingtonpost.com/pollster/polls/ipsos-reuters-22748,,Nonpartisan,None
YouGov/Economist,2015-09-11,2015-09-15,2015-09-18 04:06:51 UTC 2015-09-18 04:06:51 UTC,436,Registered Voters - Republican,Internet,33,8,7,17,7,2,4,6,2,3,1,0,1,0,1,0,5,4,http://elections.huffingtonpost.com/pollster/polls/yougov-economist-22742,,Nonpartisan,None
Morning Consult,2015-09-11,2015-09-13,2015-09-18 03:24:39 UTC 2015-09-18 03:24:39 UTC,756,Registered Voters - Republican,Internet,33,6,3,17,9,2,5,3,3,2,1,,0,1,2,,2,10,http://elections.huffingtonpost.com/pollster/polls/morning-consult-22738,,Nonpartisan,None
CBS/Times,2015-09-09,2015-09-13,2015-09-18 03:01:07 UTC 2015-09-18 03:01:07 UTC,376,Likely Voters - Republican,Live Phone,27,5,6,23,6,1,3,4,6,3,1,,0,0,0,1,2,9,http://elections.huffingtonpost.com/pollster/polls/cbs-times-22735,,Nonpartisan,None
ABC/Post,2015-09-07,2015-09-10,2015-09-14 20:25:47 UTC 2015-09-14 20:25:47 UTC,342,Registered Voters - Republican,Live Phone,33,7,7,20,8,1,5,2,3,3,1,0,0,1,0,1,2,5,http://elections.huffingtonpost.com/pollster/polls/abc-post-22723,,Nonpartisan,None
Ipsos/Reuters,2015-09-05,2015-09-09,2015-09-11 20:35:48 UTC 2015-09-11 20:35:48 UTC,469,Adults - Republican,Internet,35,6,4,12,8,3,3,2,5,3,2,0,1,2,0,2,6,8,http://elections.huffingtonpost.com/pollster/polls/ipsos-reuters-22709,,Nonpartisan,None
Emerson College Polling Society,2015-09-05,2015-09-08,2015-09-10 18:55:35 UTC 2015-09-10 18:55:35 UTC,409,Likely Voters - Republican,Automated Phone,34,6,8,20,12,1,1,3,4,4,,,0,,,0,5,2,http://elections.huffingtonpost.com/pollster/polls/emerson-college-polling-society-22699,,Nonpartisan,None
CNN,2015-09-04,2015-09-08,2015-09-10 18:22:16 UTC 2015-09-10 18:22:16 UTC,474,Registered Voters - Republican,Live Phone,32,7,3,19,9,2,3,3,5,2,1,0,1,1,0,0,5,4,http://elections.huffingtonpost.com/pollster/polls/cnn-22698,,Nonpartisan,None
Morning Consult,2015-09-04,2015-09-07,2015-09-11 01:23:37 UTC 2015-09-11 01:23:37 UTC,722,Registered Voters - Republican,Internet,31,5,4,18,9,4,2,3,4,2,1,,1,1,0,3,4,9,http://elections.huffingtonpost.com/pollster/polls/morning-consult-22702,,Nonpartisan,None
Monmouth University,2015-08-31,2015-09-02,2015-09-03 21:13:28 UTC 2015-09-03 21:13:28 UTC,366,Registered Voters - Republican,Live Phone,30,8,5,18,8,2,2,4,4,2,0,0,0,0,0,1,3,11,http://elections.huffingtonpost.com/pollster/polls/monmouth-university-22655,,Nonpartisan,None
Ipsos/Reuters,2015-08-29,2015-09-02,2015-09-05 01:01:15 UTC 2015-09-05 01:01:15 UTC,578,Adults - Republican,Internet,31,6,3,15,12,2,2,3,6,5,1,0,0,1,0,2,5,6,http://elections.huffingtonpost.com/pollster/polls/ipsos-reuters-22681,,Nonpartisan,None
YouGov/Economist,2015-08-28,2015-09-01,2015-09-04 00:23:18 UTC 2015-09-04 00:23:18 UTC,429,Registered Voters - Republican,Internet,36,6,7,11,8,3,4,3,4,4,1,0,1,1,,0,6,5,http://elections.huffingtonpost.com/pollster/polls/yougov-economist-22658,,Nonpartisan,None
Morning Consult,2015-08-28,2015-08-30,2015-09-01 01:13:04 UTC 2015-09-01 01:13:04 UTC,769,Registered Voters - Republican,Internet,37,4,6,9,9,3,4,3,6,2,2,,0,1,0,1,5,8,http://elections.huffingtonpost.com/pollster/polls/morning-consult-22639,,Nonpartisan,None
PPP (D),2015-08-28,2015-08-30,2015-09-01 18:52:32 UTC 2015-09-01 18:52:32 UTC,572,Likely Voters - Republican,IVR/Online,29,6,7,15,9,2,1,8,5,6,2,1,0,0,0,1,5,1,http://elections.huffingtonpost.com/pollster/polls/ppp-d-22643,,Pollster,Dem
Ipsos/Reuters,2015-08-22,2015-08-26,2015-08-28 22:44:47 UTC 2015-08-28 22:44:47 UTC,412,Adults - Republican,Internet,30,5,5,8,7,2,5,5,10,1,1,1,1,1,0,3,5,10,http://elections.huffingtonpost.com/pollster/polls/ipsos-reuters-22625,,Nonpartisan,None
Quinnipiac,2015-08-20,2015-08-25,2015-08-27 20:23:23 UTC 2015-08-27 20:23:23 UTC,666,Registered Voters - Republican,Live Phone,28,7,7,12,7,4,2,5,3,5,1,0,0,0,0,1,6,11,http://elections.huffingtonpost.com/pollster/polls/quinnipiac-22620,,Nonpartisan,None
Gravis Marketing/One America News,2015-08-21,2015-08-22,2015-08-28 01:14:31 UTC 2015-08-28 01:14:31 UTC,1211,Likely Voters - Republican,Automated Phone,40,7,5,13,10,1,2,5,4,5,1,,1,1,1,2,4,,http://elections.huffingtonpost.com/pollster/polls/gravis-marketing-one-america-news-22623,,Sponsor,Rep
Ipsos/Reuters,2015-08-15,2015-08-19,2015-08-22 01:07:31 UTC 2015-08-22 01:07:31 UTC,291,Adults - Republican,Internet,29,4,4,9,10,4,5,5,7,2,1,0,1,2,0,4,9,5,http://elections.huffingtonpost.com/pollster/polls/ipsos-reuters-22595,,Nonpartisan,None
Civis Analytics (D),2015-08-10,2015-08-19,2015-08-27 19:36:25 UTC 2015-08-27 19:36:25 UTC,757,Likely Voters - Republican,Live Phone,16,7,7,11,9,2,3,3,7,3,1,0,0,0,0,2,5,24,http://elections.huffingtonpost.com/pollster/polls/civis-analytics-d-22618,,Pollster,Dem
YouGov/Economist,2015-08-14,2015-08-18,2015-08-24 22:00:52 UTC 2015-08-24 22:00:52 UTC,451,Registered Voters - Republican,Internet,25,7,9,11,9,3,3,6,3,4,1,1,0,1,0,0,9,7,http://elections.huffingtonpost.com/pollster/polls/yougov-economist-22601,,Nonpartisan,None
Morning Consult,2015-08-14,2015-08-16,2015-08-18 20:07:58 UTC 2015-08-18 20:07:58 UTC,783,Registered Voters - Republican,Internet,32,5,6,7,12,4,4,4,6,3,1,,1,1,0,2,3,11,http://elections.huffingtonpost.com/pollster/polls/morning-consult-22573,,Nonpartisan,None
CNN,2015-08-13,2015-08-16,2015-08-18 18:08:54 UTC 2015-08-18 18:08:54 UTC,506,Registered Voters - Republican,Live Phone,24,5,8,9,13,3,6,5,4,5,1,0,0,0,0,2,8,4,http://elections.huffingtonpost.com/pollster/polls/cnn-22572,,Nonpartisan,None
FOX,2015-08-11,2015-08-13,2015-08-17 19:09:50 UTC 2015-08-17 19:09:50 UTC,381,Likely Voters - Republican,Live Phone,25,10,4,12,9,3,3,5,6,4,1,0,0,1,1,1,6,7,http://elections.huffingtonpost.com/pollster/polls/fox-22562,,Nonpartisan,None
Ipsos/Reuters,2015-08-08,2015-08-12,2015-08-14 21:17:02 UTC 2015-08-14 21:17:02 UTC,457,Adults - Republican,Internet,21,5,8,8,12,3,6,6,7,1,1,,2,2,1,2,5,10,http://elections.huffingtonpost.com/pollster/polls/ipsos-reuters-22559,,Nonpartisan,None
Rasmussen,2015-08-09,2015-08-10,2015-08-12 01:40:22 UTC 2015-08-12 01:40:22 UTC,651,Likely Voters - Republican,Automated Phone,17,7,10,8,10,4,4,9,3,4,1,1,1,1,0,1,9,11,http://elections.huffingtonpost.com/pollster/polls/rasmussen-22544,,Nonpartisan,None
Ipsos/Reuters,2015-08-06,2015-08-10,2015-08-11 00:21:44 UTC 2015-08-11 00:21:44 UTC,278,Adults - Republican,Internet,24,5,8,8,12,1,3,6,8,4,1,,3,1,0,1,7,8,http://elections.huffingtonpost.com/pollster/polls/ipsos-reuters-22529,,Nonpartisan,None
Morning Consult,2015-08-07,2015-08-09,2015-08-10 21:38:34 UTC 2015-08-10 21:38:34 UTC,746,Registered Voters - Republican,Internet,32,4,6,9,11,4,5,3,4,3,1,,1,1,0,1,6,8,http://elections.huffingtonpost.com/pollster/polls/morning-consult-22526,,Nonpartisan,None
NBC/SurveyMonkey,2015-08-07,2015-08-08,2015-08-10 20:33:47 UTC 2015-08-10 20:33:47 UTC,1591,Registered Voters - Republican,Internet,23,13,8,11,7,1,5,8,4,2,0,0,1,1,0,2,7,6,http://elections.huffingtonpost.com/pollster/polls/nbc-surveymonkey-22522,,Nonpartisan,None
Ipsos/Reuters,2015-08-01,2015-08-05,2015-08-07 01:31:53 UTC 2015-08-07 01:31:53 UTC,344,Adults - Republican,Internet,24,6,4,5,16,3,7,1,5,3,2,,3,1,0,4,12,6,http://elections.huffingtonpost.com/pollster/polls/ipsos-reuters-22515,,Nonpartisan,None
Zogby (Internet)/ University of Akron,2015-08-03,2015-08-04,2015-08-05 21:11:30 UTC 2015-08-05 21:11:30 UTC,565,Likely Voters - Republican,Internet,26,5,3,2,17,3,3,1,3,1,1,0,0,2,1,2,5,25,http://elections.huffingtonpost.com/pollster/polls/zogby-internet-university-of-akron-22495,,Nonpartisan,None
YouGov/Economist,2015-07-31,2015-08-04,2015-08-07 21:46:40 UTC 2015-08-07 21:46:40 UTC,424,Registered Voters - Republican,Internet,26,6,8,6,12,4,6,2,3,1,0,0,1,3,0,2,14,4,http://elections.huffingtonpost.com/pollster/polls/yougov-economist-22516,,Nonpartisan,None
Morning Consult,2015-07-31,2015-08-03,2015-08-05 01:23:17 UTC 2015-08-05 01:23:17 UTC,783,Registered Voters - Republican,Internet,25,7,6,7,12,3,5,1,5,2,2,,0,3,1,3,8,10,http://elections.huffingtonpost.com/pollster/polls/morning-consult-22487,,Nonpartisan,None
FOX,2015-07-30,2015-08-02,2015-08-04 02:31:58 UTC 2015-08-04 02:31:58 UTC,475,Likely Voters - Republican,Live Phone,26,6,5,7,15,3,5,2,6,3,2,0,0,1,0,1,9,7,http://elections.huffingtonpost.com/pollster/polls/fox-22473,,Nonpartisan,None
Monmouth University,2015-07-30,2015-08-02,2015-08-03 19:29:52 UTC 2015-08-03 19:29:52 UTC,423,Registered Voters - Republican,Live Phone,26,6,4,5,12,4,4,2,6,3,1,0,1,1,0,2,11,11,http://elections.huffingtonpost.com/pollster/polls/monmouth-university-22461,,Nonpartisan,None
Bloomberg/Selzer,2015-07-30,2015-08-02,2015-08-04 19:22:50 UTC 2015-08-04 19:22:50 UTC,500,Registered Voters - Republican,Live Phone,21,4,6,5,10,4,5,1,7,4,2,0,1,1,0,2,8,18,http://elections.huffingtonpost.com/pollster/polls/bloomberg-selzer-22475,,Nonpartisan,None
CBS,2015-07-29,2015-08-02,2015-08-04 20:36:21 UTC 2015-08-04 20:36:21 UTC,408,Likely Voters - Republican,Live Phone,24,6,6,6,13,3,4,0,8,1,1,1,1,2,1,2,10,12,http://elections.huffingtonpost.com/pollster/polls/cbs-22476,,Nonpartisan,None
NBC/WSJ,2015-07-26,2015-07-30,2015-08-03 01:44:59 UTC 2015-08-03 01:44:59 UTC,252,Likely Voters - Republican,Live Phone,19,9,5,10,14,3,6,0,6,3,1,0,0,1,0,3,15,5,http://elections.huffingtonpost.com/pollster/polls/nbc-wsj-22460,,Nonpartisan,None
Gravis Marketing/One America News,2015-07-29,2015-07-29,2015-08-05 22:47:03 UTC 2015-08-05 22:47:03 UTC,732,Likely Voters - Republican,Automated Phone,31,6,5,6,13,3,4,2,6,5,2,,1,0,0,3,13,,http://elections.huffingtonpost.com/pollster/polls/gravis-marketing-one-america-news-22497,,Sponsor,Rep
Rasmussen,2015-07-28,2015-07-29,2015-08-05 19:19:16 UTC 2015-08-05 19:19:16 UTC,471,Likely Voters - Republican,Automated Phone,26,7,5,5,10,2,3,1,7,5,2,,1,2,1,2,14,7,http://elections.huffingtonpost.com/pollster/polls/rasmussen-22490,,Nonpartisan,None
Ipsos/Reuters,2015-07-25,2015-07-29,2015-08-05 00:43:28 UTC 2015-08-05 00:43:28 UTC,409,Adults - Republican,Internet,27,3,5,6,11,4,7,2,5,4,2,,2,2,2,3,7,8,http://elections.huffingtonpost.com/pollster/polls/ipsos-reuters-22486,,Nonpartisan,None
Emerson College Polling Society,2015-07-26,2015-07-28,2015-08-11 20:17:22 UTC 2015-08-11 20:17:22 UTC,476,Likely Voters - Republican,Automated Phone,31,8,4,5,15,2,4,3,6,2,1,,0,0,0,0,13,7,http://elections.huffingtonpost.com/pollster/polls/emerson-college-polling-society-22537,,Nonpartisan,None
Quinnipiac,2015-07-23,2015-07-28,2015-08-03 00:50:33 UTC 2015-08-03 00:50:33 UTC,710,Registered Voters - Republican,Live Phone,20,5,6,6,10,3,6,1,6,5,1,0,1,2,1,2,13,13,http://elections.huffingtonpost.com/pollster/polls/quinnipiac-22459,,Nonpartisan,None
Morning Consult,2015-07-23,2015-07-27,2015-07-29 21:10:26 UTC 2015-07-29 21:10:26 UTC,750,Registered Voters - Republican,Internet,24,4,5,8,13,5,3,1,4,4,2,,1,1,1,1,9,,http://elections.huffingtonpost.com/pollster/polls/morning-consult-22452,,Nonpartisan,None
CNN,2015-07-22,2015-07-25,2015-07-27 22:01:00 UTC 2015-07-27 22:01:00 UTC,419,Likely Voters - Republican,Live Phone,18,6,7,4,15,4,6,1,5,4,2,0,1,2,1,3,10,7,http://elections.huffingtonpost.com/pollster/polls/cnn-22434,,Nonpartisan,None
PPP (D),2015-07-20,2015-07-21,2015-07-23 17:55:26 UTC 2015-07-23 17:55:26 UTC,524,Likely Voters - Republican,IVR/Online,19,4,10,10,12,3,4,4,8,3,1,0,0,1,0,1,17,2,http://elections.huffingtonpost.com/pollster/polls/ppp-d-22415,,Pollster,Dem
YouGov/Economist,2015-07-18,2015-07-20,2015-07-24 23:47:03 UTC 2015-07-24 23:47:03 UTC,228,Registered Voters - Republican,Internet,28,4,4,7,14,3,5,3,3,2,1,,2,1,0,2,13,8,http://elections.huffingtonpost.com/pollster/polls/yougov-economist-22430,,Nonpartisan,None
Morning Consult,2015-07-17,2015-07-20,2015-07-21 23:09:47 UTC 2015-07-21 23:09:47 UTC,754,Registered Voters - Republican,Internet,22,4,6,8,15,4,5,2,7,,,,,,,,12,12,http://elections.huffingtonpost.com/pollster/polls/morning-consult-22405,,Nonpartisan,None
ABC/Post,2015-07-16,2015-07-19,2015-07-21 01:22:48 UTC 2015-07-21 01:22:48 UTC,341,Registered Voters - Republican,Live Phone,24,4,7,6,12,3,6,0,8,2,1,,0,2,1,4,13,7,http://elections.huffingtonpost.com/pollster/polls/abc-post-22400,,Nonpartisan,None
Wilson Perkins Allen Opinion Research (R-Cruz),2015-07-14,2015-07-15,2015-07-28 01:30:19 UTC 2015-07-28 01:30:19 UTC,800,Likely Voters,Live Phone,15,8,6,8,11,,4,,5,,,,,,,,17,16,http://elections.huffingtonpost.com/pollster/polls/wilson-perkins-allen-opinion-research-r-cruz-22446,,Sponsor,Rep
FOX,2015-07-13,2015-07-15,2015-07-17 02:36:39 UTC 2015-07-17 02:36:39 UTC,389,Likely Voters - Republican,Live Phone,18,4,7,6,14,3,8,1,4,2,2,,0,0,0,1,15,9,http://elections.huffingtonpost.com/pollster/polls/fox-22386,,Nonpartisan,None
Lincoln Park Strategies (D),2015-07-09,2015-07-14,2015-07-21 19:25:50 UTC 2015-07-21 19:25:50 UTC,297,Likely Voters - Republican,Internet,22,9,6,6,13,4,5,1,5,1,2,,0,0,0,3,8,16,http://elections.huffingtonpost.com/pollster/polls/lincoln-park-strategies-d-22402,,Nonpartisan,None
Morning Consult,2015-07-08,2015-07-13,2015-07-22 00:00:48 UTC 2015-07-22 00:00:48 UTC,762,Registered Voters - Republican,Internet,17,6,9,5,19,6,8,2,6,,,,,,,,7,13,http://elections.huffingtonpost.com/pollster/polls/morning-consult-22406,,Nonpartisan,None
Monmouth University,2015-07-09,2015-07-12,2015-07-13 19:11:08 UTC 2015-07-13 19:11:08 UTC,336,Registered Voters - Republican,Live Phone,13,9,6,6,15,2,6,1,7,1,2,0,1,2,1,2,7,19,http://elections.huffingtonpost.com/pollster/polls/monmouth-university-22371,,Nonpartisan,None
Suffolk/USA Today,2015-07-09,2015-07-12,2015-07-15 02:48:40 UTC 2015-07-15 02:48:40 UTC,349,Likely Voters - Republican,Live Phone,17,6,5,4,14,3,4,1,4,1,1,,0,1,0,1,8,30,http://elections.huffingtonpost.com/pollster/polls/suffolk-usa-today-22376,,Nonpartisan,None
YouGov/Economist,2015-07-04,2015-07-06,2015-07-10 01:26:41 UTC 2015-07-10 01:26:41 UTC,226,Registered Voters - Republican,Internet,15,4,9,7,11,6,11,3,9,2,2,,0,2,0,3,9,5,http://elections.huffingtonpost.com/pollster/polls/yougov-economist-22360,,Nonpartisan,None
YouGov/Economist,2015-06-27,2015-06-29,2015-07-08 22:58:40 UTC 2015-07-08 22:58:40 UTC,246,Registered Voters - Republican,Internet,11,4,10,9,14,3,11,6,6,2,1,,2,3,0,2,12,5,http://elections.huffingtonpost.com/pollster/polls/yougov-economist-22352,,Nonpartisan,None
CNN,2015-06-26,2015-06-28,2015-07-01 18:33:34 UTC 2015-07-01 18:33:34 UTC,407,Likely Voters - Republican,Live Phone,12,3,7,8,17,3,8,1,5,3,4,,1,2,0,4,6,9,http://elections.huffingtonpost.com/pollster/polls/cnn-22330,,Nonpartisan,None
FOX,2015-06-21,2015-06-23,2015-06-25 19:39:57 UTC 2015-06-25 19:39:57 UTC,378,Registered Voters - Republican,Live Phone,11,4,8,10,15,2,9,3,6,2,3,,1,2,1,2,9,9,http://elections.huffingtonpost.com/pollster/polls/fox-22300,,Nonpartisan,None
YouGov/Economist,2015-06-20,2015-06-22,2015-06-25 23:20:39 UTC 2015-06-25 23:20:39 UTC,235,Registered Voters - Republican,Internet,11,9,11,10,10,2,11,3,6,2,2,,2,0,0,2,10,8,http://elections.huffingtonpost.com/pollster/polls/yougov-economist-22306,,Nonpartisan,None
NBC/WSJ,2015-06-14,2015-06-18,2015-06-23 00:24:58 UTC 2015-06-23 00:24:58 UTC,236,Likely Voters - Republican,Live Phone,1,4,14,11,22,4,7,2,9,1,0,,1,0,0,5,17,1,http://elections.huffingtonpost.com/pollster/polls/nbc-wsj-22284,,Nonpartisan,None
YouGov/Economist,2015-06-13,2015-06-15,2015-06-19 19:38:31 UTC 2015-06-19 19:38:31 UTC,235,Registered Voters - Republican,Internet,2,3,10,9,14,4,9,6,7,4,3,,0,1,0,7,9,11,http://elections.huffingtonpost.com/pollster/polls/yougov-economist-22276,,Nonpartisan,None
Monmouth University,2015-06-11,2015-06-14,2015-06-15 18:57:24 UTC 2015-06-15 18:57:24 UTC,351,Registered Voters - Republican,Live Phone,2,5,9,11,9,4,6,2,8,1,3,,2,1,0,4,10,22,http://elections.huffingtonpost.com/pollster/polls/monmouth-university-22246,,Nonpartisan,None
PPP (D),2015-06-11,2015-06-14,2015-06-17 18:33:48 UTC 2015-06-17 18:33:48 UTC,492,Likely Voters - Republican,IVR/Online,,8,13,12,15,4,8,5,11,,,,,,,,17,9,http://elections.huffingtonpost.com/pollster/polls/ppp-d-22258,,Pollster,Dem
YouGov/Economist,2015-06-06,2015-06-08,2015-06-15 20:31:52 UTC 2015-06-15 20:31:52 UTC,343,Registered Voters - Republican,Internet,,7,10,10,8,5,9,7,7,2,4,,5,1,0,2,7,14,http://elections.huffingtonpost.com/pollster/polls/yougov-economist-22247,,Nonpartisan,None
FOX,2015-05-31,2015-06-02,2015-06-04 19:00:34 UTC 2015-06-04 19:00:34 UTC,370,Registered Voters - Republican,Live Phone,4,8,7,11,12,5,9,2,6,2,2,,2,1,2,4,12,10,http://elections.huffingtonpost.com/pollster/polls/fox-22210,,Nonpartisan,None
YouGov/Economist,2015-05-30,2015-06-01,2015-06-05 22:05:57 UTC 2015-06-05 22:05:57 UTC,255,Registered Voters - Republican,Internet,,7,8,6,15,2,10,5,9,3,3,,1,1,0,2,12,14,http://elections.huffingtonpost.com/pollster/polls/yougov-economist-22218,,Nonpartisan,None
CNN,2015-05-29,2015-05-31,2015-06-02 20:14:56 UTC 2015-06-02 20:14:56 UTC,483,Adults - Republican,Live Phone,3,8,14,7,13,4,8,1,10,1,2,,1,1,3,5,10,3,http://elections.huffingtonpost.com/pollster/polls/cnn-22199,,Nonpartisan,None
ABC/Post,2015-05-28,2015-05-31,2015-06-02 20:49:13 UTC 2015-06-02 20:49:13 UTC,362,Registered Voters - Republican,Live Phone,4,8,10,8,10,6,11,2,9,3,4,,1,0,1,2,11,8,http://elections.huffingtonpost.com/pollster/polls/abc-post-22200,,Nonpartisan,None
Quinnipiac,2015-05-19,2015-05-26,2015-05-28 21:52:59 UTC 2015-05-28 21:52:59 UTC,679,Registered Voters - Republican,Live Phone,5,6,10,10,10,4,7,2,10,2,0,,1,1,0,1,10,21,http://elections.huffingtonpost.com/pollster/polls/quinnipiac-22181,,Nonpartisan,None
YouGov/Economist,2015-05-23,2015-05-25,2015-05-29 01:14:54 UTC 2015-05-29 01:14:54 UTC,209,Registered Voters - Republican,Internet,,6,16,12,10,3,9,2,10,1,0,,1,2,,4,13,7,http://elections.huffingtonpost.com/pollster/polls/yougov-economist-22188,,Nonpartisan,None
YouGov/Economist,2015-05-16,2015-05-18,2015-05-21 00:50:28 UTC 2015-05-21 00:50:28 UTC,229,Registered Voters - Republican,Internet,,4,12,11,7,7,10,2,9,4,1,,1,1,,2,17,11,http://elections.huffingtonpost.com/pollster/polls/yougov-economist-22155,,Nonpartisan,None
Robert Morris University,2015-05-08,2015-05-16,2015-06-04 23:18:44 UTC 2015-06-04 23:18:44 UTC,255,Adults - Republican,Internet,,7,15,7,15,8,2,,8,,1,,,,,,14,,http://elections.huffingtonpost.com/pollster/polls/robert-morris-university-22215,,Nonpartisan,None
FOX,2015-05-09,2015-05-12,2015-05-14 19:14:57 UTC 2015-05-14 19:14:57 UTC,413,Registered Voters - Republican,Live Phone,4,6,9,13,13,6,7,1,10,2,2,,0,1,0,2,11,10,http://elections.huffingtonpost.com/pollster/polls/fox-22132,,Nonpartisan,None
YouGov/Economist,2015-05-09,2015-05-11,2015-05-18 19:00:58 UTC 2015-05-18 19:00:58 UTC,246,Registered Voters - Republican,Internet,,8,17,9,10,3,6,4,11,1,2,,1,1,,1,14,9,http://elections.huffingtonpost.com/pollster/polls/yougov-economist-22145,,Nonpartisan,None
PPP (D),2015-05-07,2015-05-10,2015-05-13 20:59:19 UTC 2015-05-13 20:59:19 UTC,685,Likely Voters - Republican,IVR/Online,,10,13,12,11,5,9,,12,,,,,,,2,18,7,http://elections.huffingtonpost.com/pollster/polls/ppp-d-22128,,Pollster,Dem
YouGov/Economist,2015-05-02,2015-05-04,2015-05-07 02:08:35 UTC 2015-05-07 02:08:35 UTC,218,Registered Voters - Republican,Internet,,7,11,4,14,7,9,0,7,5,1,,0,0,,6,16,9,http://elections.huffingtonpost.com/pollster/polls/yougov-economist-22109,,Nonpartisan,None
NBC/WSJ,2015-04-26,2015-04-30,2015-05-05 17:31:12 UTC 2015-05-05 17:31:12 UTC,251,Likely Voters - Republican,Live Phone,,11,18,7,23,5,11,1,5,,,,,,,2,14,3,http://elections.huffingtonpost.com/pollster/polls/nbc-wsj-22096,,Nonpartisan,None
YouGov/Economist,2015-04-25,2015-04-27,2015-05-01 23:25:02 UTC 2015-05-01 23:25:02 UTC,233,Registered Voters - Republican,Internet,,7,17,5,9,5,8,2,6,2,1,,2,2,,2,19,9,http://elections.huffingtonpost.com/pollster/polls/yougov-economist-22090,,Nonpartisan,None
FOX,2015-04-19,2015-04-21,2015-04-24 16:40:24 UTC 2015-04-24 16:40:24 UTC,383,Registered Voters - Republican,Live Phone,5,8,13,6,9,6,10,0,9,2,1,,1,1,1,2,12,9,http://elections.huffingtonpost.com/pollster/polls/fox-22059,,Nonpartisan,None
Quinnipiac,2015-04-16,2015-04-21,2015-04-23 18:55:11 UTC 2015-04-23 18:55:11 UTC,567,Registered Voters - Republican,Live Phone,,9,15,3,13,7,8,1,7,2,2,,2,1,,3,11,15,http://elections.huffingtonpost.com/pollster/polls/quinnipiac-22054,,Nonpartisan,None
YouGov/Economist,2015-04-18,2015-04-20,2015-04-23 20:19:36 UTC 2015-04-23 20:19:36 UTC,220,Registered Voters - Republican,Internet,,11,9,10,13,6,11,1,5,1,1,,0,2,,2,15,10,http://elections.huffingtonpost.com/pollster/polls/yougov-economist-22055,,Nonpartisan,None
CNN,2015-04-16,2015-04-19,2015-04-20 18:02:18 UTC 2015-04-20 18:02:18 UTC,435,Adults - Republican,Live Phone,,7,11,4,17,4,11,2,9,2,3,,2,2,0,3,12,7,http://elections.huffingtonpost.com/pollster/polls/cnn-22036,,Nonpartisan,None
YouGov/Economist,2015-04-11,2015-04-13,2015-04-16 00:21:33 UTC 2015-04-16 00:21:33 UTC,228,Registered Voters - Republican,Internet,,13,7,7,12,4,13,3,4,2,2,,2,1,,4,14,12,http://elections.huffingtonpost.com/pollster/polls/yougov-economist-22021,,Nonpartisan,None
Monmouth University,2015-03-30,2015-04-02,2015-04-06 20:46:54 UTC 2015-04-06 20:46:54 UTC,355,Registered Voters - Republican,Live Phone,7,11,5,7,13,5,6,1,9,1,1,,1,1,0,5,11,16,http://elections.huffingtonpost.com/pollster/polls/monmouth-university-21979,,Nonpartisan,None
FOX,2015-03-29,2015-03-31,2015-04-03 21:16:49 UTC 2015-04-03 21:16:49 UTC,379,Registered Voters - Republican,Live Phone,3,10,8,11,12,4,9,1,10,1,2,,0,2,1,3,15,6,http://elections.huffingtonpost.com/pollster/polls/fox-21968,,Nonpartisan,None
PPP (D),2015-03-26,2015-03-31,2015-04-01 20:59:10 UTC 2015-04-01 20:59:10 UTC,443,Likely Voters - Republican,IVR/Online,,16,6,10,17,4,10,,6,,,,,,,3,20,8,http://elections.huffingtonpost.com/pollster/polls/ppp-d-21958,,Pollster,Dem
ABC/Post,2015-03-26,2015-03-29,2015-04-02 21:14:39 UTC 2015-04-02 21:14:39 UTC,444,Registered Voters - Republican,Live Phone,,12,8,6,21,7,8,1,8,1,2,,1,1,,2,13,8,http://elections.huffingtonpost.com/pollster/polls/abc-post-21963,,Nonpartisan,None
YouGov/Economist,2015-03-21,2015-03-23,2015-03-27 20:44:33 UTC 2015-03-27 20:44:33 UTC,235,Registered Voters - Republican,Internet,,8,5,10,14,6,5,3,5,2,1,,1,2,,5,19,11,http://elections.huffingtonpost.com/pollster/polls/yougov-economist-21931,,Nonpartisan,None
CNN,2015-03-13,2015-03-15,2015-03-19 00:55:37 UTC 2015-03-19 00:55:37 UTC,450,Adults - Republican,Live Phone,,4,7,9,16,7,12,0,10,2,1,,1,1,,4,13,9,http://elections.huffingtonpost.com/pollster/polls/cnn-21887,,Nonpartisan,None
McClatchy/Marist,2015-03-01,2015-03-04,2015-03-09 19:46:00 UTC 2015-03-09 19:46:00 UTC,426,Adults - Republican,Live Phone,,4,5,9,19,6,7,2,10,,2,,1,,,3,18,13,http://elections.huffingtonpost.com/pollster/polls/mcclatchy-marist-21830,,Nonpartisan,None
Quinnipiac,2015-02-26,2015-03-02,2015-03-05 21:56:04 UTC 2015-03-05 21:56:04 UTC,554,Registered Voters - Republican,Live Phone,,6,5,7,16,8,6,,8,1,2,,1,2,,1,18,19,http://elections.huffingtonpost.com/pollster/polls/quinnipiac-21821,,Nonpartisan,None
YouGov/Economist,2015-02-21,2015-02-23,2015-02-27 01:55:05 UTC 2015-02-27 01:55:05 UTC,255,Registered Voters - Republican,Internet,,5,8,6,16,7,10,0,10,1,2,,3,3,,3,18,5,http://elections.huffingtonpost.com/pollster/polls/yougov-economist-21792,,Nonpartisan,None
PPP (D),2015-02-20,2015-02-22,2015-02-24 23:40:15 UTC 2015-02-24 23:40:15 UTC,316,Likely Voters - Republican,IVR/Online,,5,3,18,17,5,4,,10,,,,,,,3,25,11,http://elections.huffingtonpost.com/pollster/polls/ppp-d-21776,,Pollster,Dem
CNN,2015-02-12,2015-02-15,2015-02-18 23:55:19 UTC 2015-02-18 23:55:19 UTC,1027,Adults,Live Phone,,3,5,8,14,7,10,1,16,2,3,,1,1,,3,11,10,http://elections.huffingtonpost.com/pollster/polls/cnn-21748,,Nonpartisan,None
FOX,2015-01-25,2015-01-27,2015-01-29 20:42:15 UTC 2015-01-29 20:42:15 UTC,394,Registered Voters - Republican,Live Phone,,4,5,9,10,4,11,,11,1,1,,1,2,,4,8,5,http://elections.huffingtonpost.com/pollster/polls/fox-21658,,Nonpartisan,None
PPP (D),2015-01-22,2015-01-25,2015-01-30 21:02:41 UTC 2015-01-30 21:02:41 UTC,400,Likely Voters - Republican,IVR/Online,,9,,15,17,7,4,,9,,,,,,,2,11,5,http://elections.huffingtonpost.com/pollster/polls/ppp-d-21663,,Pollster,Dem
YouGov/Economist,2015-01-10,2015-01-12,2015-01-15 00:35:02 UTC 2015-01-15 00:35:02 UTC,212,Registered Voters - Republican,Internet,,9,2,10,12,3,8,,8,,,,0,,,2,6,6,http://elections.huffingtonpost.com/pollster/polls/yougov-economist-21599,,Nonpartisan,None
CNN,2014-12-18,2014-12-21,2015-01-08 02:01:23 UTC 2015-01-08 02:01:23 UTC,453,Adults - Republican,Live Phone,,4,5,7,23,13,6,,6,3,2,,,4,,4,4,8,http://elections.huffingtonpost.com/pollster/polls/cnn-21580,,Nonpartisan,None
ABC/Post,2014-12-11,2014-12-14,2014-12-17 04:12:41 UTC 2014-12-17 04:12:41 UTC,410,Registered Voters - Republican,Live Phone,,6,4,7,10,6,9,,6,2,3,,,2,,4,5,8,http://elections.huffingtonpost.com/pollster/polls/abc-post-21520,,Nonpartisan,None
FOX,2014-12-07,2014-12-09,2014-12-17 04:31:55 UTC 2014-12-17 04:31:55 UTC,392,Registered Voters - Republican,Live Phone,,5,4,6,10,8,8,,8,2,1,,,1,,2,7,8,http://elections.huffingtonpost.com/pollster/polls/fox-21521,,Nonpartisan,None
McClatchy/Marist,2014-12-03,2014-12-09,2014-12-16 22:23:42 UTC 2014-12-16 22:23:42 UTC,360,Registered Voters - Republican,Live Phone,,4,3,8,14,9,5,1,9,2,3,,,1,,4,3,13,http://elections.huffingtonpost.com/pollster/polls/mcclatchy-marist-21519,,Nonpartisan,None
CNN,2014-11-21,2014-11-23,2014-12-03 18:29:51 UTC 2014-12-03 18:29:51 UTC,510,Adults - Republican,Live Phone,,5,3,10,9,8,6,,7,2,2,,,1,,4,5,5,http://elections.huffingtonpost.com/pollster/polls/cnn-21482,,Nonpartisan,None
Quinnipiac,2014-11-18,2014-11-23,2014-12-03 17:55:56 UTC 2014-12-03 17:55:56 UTC,707,Registered Voters - Republican,Live Phone,,5,2,8,11,8,6,,5,2,1,,,2,,2,5,17,http://elections.huffingtonpost.com/pollster/polls/quinnipiac-21481,,Nonpartisan,None
ABC/Post,2014-10-09,2014-10-12,2014-10-15 11:45:34 UTC 2014-10-15 11:45:34 UTC,,Registered Voters - Republican,Live Phone,,3,6,6,10,8,9,,10,1,4,,,1,,5,1,8,http://elections.huffingtonpost.com/pollster/polls/abc-post-20885,,Nonpartisan,None
McClatchy/Marist,2014-08-04,2014-08-07,2014-08-14 15:54:28 UTC 2014-08-14 15:54:28 UTC,342,Registered Voters - Republican,Live Phone,,10,9,,13,13,7,,,,3,,,2,,7,4,23,http://elections.huffingtonpost.com/pollster/polls/mcclatchy-marist-20111,,Nonpartisan,None
FOX,2014-07-20,2014-07-22,2014-07-29 15:30:55 UTC 2014-07-29 15:30:55 UTC,358,Registered Voters - Republican,Live Phone,,9,9,,12,10,11,,,2,3,,,4,,12,4,6,http://elections.huffingtonpost.com/pollster/polls/fox-19979,,Nonpartisan,None
CNN,2014-07-18,2014-07-20,2014-07-28 18:06:10 UTC 2014-07-28 18:06:10 UTC,470,Adults - Republican,Live Phone,,8,6,,8,13,12,,12,,3,,,,,11,5,5,http://elections.huffingtonpost.com/pollster/polls/cnn-19958,,Nonpartisan,None
Quinnipiac,2014-06-24,2014-06-30,2014-07-08 15:18:21 UTC 2014-07-08 15:18:21 UTC,620,Registered Voters - Republican,Live Phone,,8,6,,10,10,11,,10,2,2,,,1,,3,8,22,http://elections.huffingtonpost.com/pollster/polls/quinnipiac-19810,,Nonpartisan,None
Zogby (Internet),2014-06-27,2014-06-29,2014-07-10 14:53:18 UTC 2014-07-10 14:53:18 UTC,282,Likely Voters - Republican,Internet,,,7,,13,13,20,,,1,,,,4,,,8,,http://elections.huffingtonpost.com/pollster/polls/zogby-internet-19825,,Nonpartisan,None
CNN,2014-05-29,2014-06-01,2014-06-16 16:08:56 UTC 2014-06-16 16:08:56 UTC,452,Adults - Republican,Live Phone,,9,8,,12,8,14,,11,,4,,,,,6,5,7,http://elections.huffingtonpost.com/pollster/polls/cnn-19676,,Nonpartisan,None
CNN,2014-05-02,2014-05-04,2014-05-06 14:41:15 UTC 2014-05-06 14:41:15 UTC,473,Adults - Republican,Live Phone,,7,6,,13,9,13,,10,,2,,,,,8,7,11,http://elections.huffingtonpost.com/pollster/polls/cnn-19385,,Nonpartisan,None
ABC/Post,2014-04-24,2014-04-27,2014-04-29 10:34:08 UTC 2014-04-29 10:34:08 UTC,,Registered Voters - Republican,Live Phone,,7,6,,12,9,15,,14,1,,,,2,,5,5,9,http://elections.huffingtonpost.com/pollster/polls/abc-post-19341,,Nonpartisan,None
FOX,2014-04-13,2014-04-15,2014-04-17 14:27:44 UTC 2014-04-17 14:27:44 UTC,384,Registered Voters - Republican,Live Phone,,7,8,,14,15,14,,,,5,,,2,,5,5,9,http://elections.huffingtonpost.com/pollster/polls/fox-19256,,Nonpartisan,None
McClatchy/Marist,2014-04-07,2014-04-10,2014-04-15 20:58:53 UTC 2014-04-15 20:58:53 UTC,416,Registered Voters - Republican,Live Phone,,4,7,,13,12,12,,13,0,3,,,4,,3,5,14,http://elections.huffingtonpost.com/pollster/polls/mcclatchy-marist-19249,,Nonpartisan,None
Reason/Rupe,2014-03-26,2014-03-30,2014-04-03 15:31:19 UTC 2014-04-03 15:31:19 UTC,,Adults - Republican,Live Phone,,6,6,,11,10,11,,15,,,,,1,,,5,24,http://elections.huffingtonpost.com/pollster/polls/reason-rupe-19173,,Nonpartisan,None
Wilson Perkins Allen Opinion Research (R),2014-03-18,2014-03-20,2014-04-02 15:54:27 UTC 2014-04-02 15:54:27 UTC,801,Adults - Republican,Live Phone,,9,6,,11,9,13,,13,,3,,,3,,1,5,20,http://elections.huffingtonpost.com/pollster/polls/wilson-perkins-allen-opinion-research-r-19164,,Pollster,Rep
CNN,2014-03-07,2014-03-09,2014-03-19 15:14:56 UTC 2014-03-19 15:14:56 UTC,367,Adults - Republican,Live Phone,,8,5,,9,8,16,,10,,3,,,,,11,,9,http://elections.huffingtonpost.com/pollster/polls/cnn-19073,,Nonpartisan,None
PPP (D),2014-03-06,2014-03-09,2014-03-14 16:16:21 UTC 2014-03-14 16:16:21 UTC,542,Likely Voters - Republican,Automated Phone,,11,6,,15,14,14,,18,,,,,4,,,5,9,http://elections.huffingtonpost.com/pollster/polls/ppp-d-19043,,Pollster,Dem
McClatchy/Marist,2014-02-04,2014-02-09,2014-02-11 21:03:53 UTC 2014-02-11 21:03:53 UTC,403,Registered Voters - Republican,Live Phone,,5,12,,8,13,9,,13,1,2,,,,,2,7,12,http://elections.huffingtonpost.com/pollster/polls/mcclatchy-marist-18838,,Nonpartisan,None
CNN,2014-01-31,2014-02-02,2014-02-04 15:44:53 UTC 2014-02-04 15:44:53 UTC,428,Adults - Republican,Live Phone,,8,9,,10,10,13,,14,,4,,,,,8,,7,http://elections.huffingtonpost.com/pollster/polls/cnn-18783,,Nonpartisan,None
PPP (D),2014-01-23,2014-01-26,2014-01-29 17:01:44 UTC 2014-01-29 17:01:44 UTC,457,Likely Voters - Republican,Automated Phone,,8,8,,14,13,11,,16,,,,,5,,,6,10,http://elections.huffingtonpost.com/pollster/polls/ppp-d-18741,,Pollster,Dem
ABC/Post,2014-01-20,2014-01-23,2014-01-30 16:35:35 UTC 2014-01-30 16:35:35 UTC,,Registered Voters - Republican,Live Phone,,12,10,,18,13,11,,,,,,,,,,,14,http://elections.huffingtonpost.com/pollster/polls/abc-post-18754,,Nonpartisan,None
Quinnipiac,2014-01-15,2014-01-19,2014-01-21 19:08:29 UTC 2014-01-21 19:08:29 UTC,813,Registered Voters - Republican,Live Phone,,9,8,,11,12,13,,,2,,,,3,,,6,23,http://elections.huffingtonpost.com/pollster/polls/quinnipiac-18703,,Nonpartisan,None
NBC/Marist,2014-01-12,2014-01-14,2014-01-16 16:58:47 UTC 2014-01-16 16:58:47 UTC,385,Registered Voters - Republican,Live Phone,,5,7,,8,16,9,,,,5,,,3,,6,4,25,http://elections.huffingtonpost.com/pollster/polls/nbc-marist-18679,,Nonpartisan,None
YouGov/Economist,2014-01-11,2014-01-13,2014-01-16 17:36:06 UTC 2014-01-16 17:36:06 UTC,210,Adults - Republican,Internet,,8,12,,14,18,6,,16,,,,,,,,5,10,http://elections.huffingtonpost.com/pollster/polls/yougov-economist-18681,,Nonpartisan,None
FOX,2013-12-14,2013-12-16,2013-12-18 23:35:41 UTC 2013-12-18 23:35:41 UTC,376,Registered Voters - Republican,Live Phone,,12,8,,12,16,11,,,,3,,,,,3,6,11,http://elections.huffingtonpost.com/pollster/polls/fox-18575,,Nonpartisan,None
YouGov/Economist,2013-12-14,2013-12-16,2013-12-18 21:13:07 UTC 2013-12-18 21:13:07 UTC,274,Adults - Republican,Internet,,7,6,,7,18,13,,13,,,,,,,,7,15,http://elections.huffingtonpost.com/pollster/polls/yougov-economist-18573,,Nonpartisan,None
PPP (D),2013-12-12,2013-12-15,2013-12-18 19:09:04 UTC 2013-12-18 19:09:04 UTC,600,Likely Voters - Republican,Automated Phone,,14,7,,10,19,11,,13,,,,,3,,,4,10,http://elections.huffingtonpost.com/pollster/polls/ppp-d-18568,,Pollster,Dem
Quinnipiac,2013-12-03,2013-12-09,2013-12-11 23:45:55 UTC 2013-12-11 23:45:55 UTC,1182,Registered Voters - Republican,Live Phone,,13,7,,11,17,14,,,2,,,,3,,,5,18,http://elections.huffingtonpost.com/pollster/polls/quinnipiac-18519,,Nonpartisan,None
McClatchy/Marist,2013-12-03,2013-12-05,2013-12-13 20:40:55 UTC 2013-12-13 20:40:55 UTC,419,Registered Voters - Republican,Live Phone,,10,7,,10,18,12,,,,4,,,,,3,4,13,http://elections.huffingtonpost.com/pollster/polls/mcclatchy-marist-18533,,Nonpartisan,None
CNN,2013-11-18,2013-11-20,2013-12-02 23:40:55 UTC 2013-12-02 23:40:55 UTC,418,Adults - Republican,Live Phone,,10,9,,6,24,13,,,,6,,,,,7,,8,http://elections.huffingtonpost.com/pollster/polls/cnn-18475,,Nonpartisan,None
PPP (D),2013-10-29,2013-10-31,2013-11-05 19:40:43 UTC 2013-11-05 19:40:43 UTC,629,Likely Voters - Republican,Automated Phone,,14,9,,12,15,13,,,,4,,,5,,,,12,http://elections.huffingtonpost.com/pollster/polls/ppp-d-18368,,Pollster,Dem
YouGov/Economist,2013-10-26,2013-10-28,2013-10-30 22:37:44 UTC 2013-10-30 22:37:44 UTC,221,Adults - Republican,Internet,,12,4,,4,20,7,,,,,,,,,,5,35,http://elections.huffingtonpost.com/pollster/polls/yougov-economist-18325,,Nonpartisan,None
YouGov,2013-10-19,2013-10-20,2013-12-13 20:17:20 UTC 2013-12-13 20:17:20 UTC,228,Adults - Republican,Internet,,16,13,,12,11,7,,,,,,,,,,,24,http://elections.huffingtonpost.com/pollster/polls/yougov-18532,,Nonpartisan,None
YouGov,2013-09-30,2013-10-01,2013-12-13 20:14:16 UTC 2013-12-13 20:14:16 UTC,243,Adults - Republican,Internet,,16,9,,9,14,13,,,,,,,,,,,25,http://elections.huffingtonpost.com/pollster/polls/yougov-18531,,Nonpartisan,None
Quinnipiac,2013-09-23,2013-09-29,2013-10-02 17:17:47 UTC 2013-10-02 17:17:47 UTC,576,Registered Voters - Republican,Live Phone,,10,12,,11,13,17,,,,,,,3,,,4,20,http://elections.huffingtonpost.com/pollster/polls/quinnipiac-18116,,Nonpartisan,None
PPP (D),2013-09-25,2013-09-26,2013-09-27 16:12:20 UTC 2013-09-27 16:12:20 UTC,743,Likely Voters - Republican,Automated Phone,,20,10,,11,14,17,,,,3,,,4,,,3,9,http://elections.huffingtonpost.com/pollster/polls/ppp-d-18088,,Pollster,Dem
CNN,2013-09-06,2013-09-08,2013-09-16 19:48:33 UTC 2013-09-16 19:48:33 UTC,452,Adults - Republican,Live Phone,,7,9,,10,17,13,,,,5,,,,,6,,10,http://elections.huffingtonpost.com/pollster/polls/cnn-17953,,Nonpartisan,None
Rasmussen,2013-08-01,2013-08-02,2013-08-07 15:08:32 UTC 2013-08-07 15:08:32 UTC,330,Likely Voters - Republican,Automated Phone,,,18,,16,21,15,,,,,,,,,,6,8,http://elections.huffingtonpost.com/pollster/polls/rasmussen-17784,,Nonpartisan,None
PPP (D),2013-07-19,2013-07-21,2013-07-26 20:22:53 UTC 2013-07-26 20:22:53 UTC,500,Likely Voters - Republican,Automated Phone,,12,10,,13,13,16,,,,4,,,4,,,,13,http://elections.huffingtonpost.com/pollster/polls/ppp-d-17738,,Pollster,Dem
McClatchy/Marist,2013-07-15,2013-07-18,2013-07-26 19:50:20 UTC 2013-07-26 19:50:20 UTC,357,Registered Voters - Republican,Live Phone,,7,12,,10,15,9,,,,2,,,1,,4,2,25,http://elections.huffingtonpost.com/pollster/polls/mcclatchy-marist-17737,,Nonpartisan,None
YouGov/Economist,2013-07-13,2013-07-15,2013-07-17 18:54:51 UTC 2013-07-17 18:54:51 UTC,270,Adults - Republican,Internet,,,8,,12,11,12,,,,4,,,2,,5,2,24,http://elections.huffingtonpost.com/pollster/polls/yougov-economist-17693,,Nonpartisan,None
YouGov/Economist,2013-07-06,2013-07-08,2013-07-10 18:12:55 UTC 2013-07-10 18:12:55 UTC,253,Adults - Republican,Internet,,,12,,9,8,12,,,,4,,,5,,,,,http://elections.huffingtonpost.com/pollster/polls/yougov-economist-17651,,Nonpartisan,None
YouGov/Economist,2013-06-29,2013-07-01,2013-07-03 18:06:01 UTC 2013-07-03 18:06:01 UTC,257,Adults - Republican,Internet,,,10,,11,9,12,,,,6,,,4,,,,26,http://elections.huffingtonpost.com/pollster/polls/yougov-economist-17634,,Nonpartisan,None
YouGov/Economist,2013-06-22,2013-06-24,2013-06-26 20:29:28 UTC 2013-06-26 20:29:28 UTC,248,Adults - Republican,Internet,,,14,,9,11,11,,,,4,,,1,,,,32,http://elections.huffingtonpost.com/pollster/polls/yougov-economist-17606,,Nonpartisan,None
YouGov/Economist,2013-06-15,2013-06-17,2013-06-19 18:35:43 UTC 2013-06-19 18:35:43 UTC,262,Adults - Republican,Internet,,,11,,9,13,16,,,,3,,,2,,,,28,http://elections.huffingtonpost.com/pollster/polls/yougov-economist-17574,,Nonpartisan,None
YouGov/Economist,2013-06-08,2013-06-10,2013-06-12 17:30:15 UTC 2013-06-12 17:30:15 UTC,264,Adults - Republican,Internet,,,9,,7,12,13,,,,4,,,1,,,,33,http://elections.huffingtonpost.com/pollster/polls/yougov-economist-17529,,Nonpartisan,None
YouGov/Economist,2013-06-01,2013-06-03,2013-06-05 17:30:05 UTC 2013-06-05 17:30:05 UTC,246,Adults - Republican,Internet,,,9,,8,9,13,,,,1,,,3,,,,31,http://elections.huffingtonpost.com/pollster/polls/yougov-economist-17491,,Nonpartisan,None
PPP (D),2013-05-06,2013-05-09,2013-05-15 16:18:48 UTC 2013-05-15 16:18:48 UTC,806,Likely Voters - Republican,Automated Phone,,7,16,,15,15,14,,,,5,,,3,,,,15,http://elections.huffingtonpost.com/pollster/polls/ppp-d-17399,,Pollster,Dem
Quinnipiac,2013-03-26,2013-04-01,2013-04-03 12:38:02 UTC 2013-04-03 12:38:02 UTC,712,Registered Voters - Republican,Live Phone,,,19,,10,14,15,,,,,,,3,,,2,18,http://elections.huffingtonpost.com/pollster/polls/quinnipiac-17216,,Nonpartisan,None
PPP (D),2013-03-27,2013-03-30,2013-04-04 16:22:12 UTC 2013-04-04 16:22:12 UTC,1125,Likely Voters - Republican,Automated Phone,,,21,,12,15,17,,,,5,,,4,,2,,10,http://elections.huffingtonpost.com/pollster/polls/ppp-d-17222,,Pollster,Dem
YouGov/Economist,2013-02-23,2013-02-25,2013-02-27 18:13:26 UTC 2013-02-27 18:13:26 UTC,245,Adults - Republican,Internet,,,17,,9,12,4,,,,2,,,1,,1,,24,http://elections.huffingtonpost.com/pollster/polls/yougov-economist-17087,,Nonpartisan,None
YouGov/Economist,2013-02-16,2013-02-18,2013-02-22 16:49:10 UTC 2013-02-22 16:49:10 UTC,201,Adults - Republican,Internet,,,19,,3,12,4,,,,1,,,2,,2,,35,http://elections.huffingtonpost.com/pollster/polls/yougov-economist-17064,,Nonpartisan,None
PPP (D),2013-01-31,2013-02-03,2013-02-07 20:34:59 UTC 2013-02-07 20:34:59 UTC,508,Likely Voters - Republican,Automated Phone,,,22,,13,13,10,,11,,,,,4,,3,,8,http://elections.huffingtonpost.com/pollster/polls/ppp-d-16996,,Pollster,Dem
PPP (D),2013-01-31,2013-02-03,2014-03-24 20:23:45 UTC 2014-03-24 20:23:45 UTC,508,Likely Voters - Republican,Automated Phone,,,22,,13,13,10,,11,,,,,4,,3,,8,http://elections.huffingtonpost.com/pollster/polls/ppp-d-19115,,Pollster,Dem
YouGov/Economist,2013-01-19,2013-01-21,2013-02-01 18:34:41 UTC 2013-02-01 18:34:41 UTC,253,Adults - Republican,Internet,,,22,,7,9,3,,,,7,,,1,,2,,29,http://elections.huffingtonpost.com/pollster/polls/yougov-economist-16964,,Nonpartisan,None
YouGov/Economist,2013-01-12,2013-01-14,2013-02-01 17:14:07 UTC 2013-02-01 17:14:07 UTC,273,Adults - Republican,Internet,,,16,,6,11,3,,,,4,,,3,,2,,30,http://elections.huffingtonpost.com/pollster/polls/yougov-economist-16963,,Nonpartisan,None
PPP (D),2013-01-03,2013-01-06,2013-01-08 12:08:17 UTC 2013-01-08 12:08:17 UTC,563,Likely Voters - Republican,Automated Phone,,,21,,14,14,5,,15,,,,,3,,2,,7,http://elections.huffingtonpost.com/pollster/polls/ppp-d-16866,,Pollster,Dem
PPP (D),2012-11-30,2012-12-02,2012-12-06 16:31:37 UTC 2012-12-06 16:31:37 UTC,475,Registered Voters - Republican,Automated Phone,,,18,,12,14,7,,11,,4,,,,,,,7,http://elections.huffingtonpost.com/pollster/polls/ppp-d-16784,,Pollster,Dem
